<?xml version="1.0" encoding="UTF-8" standalone="yes"?>
<manifest>
  <control namespace="pcftexteditor" constructor="pcftexteditor" version="1.0.1" display-name-key="pcftexteditor" description-key="pcftexteditor description" control-type="standard" api-version="1.3.15">
    <external-service-usage enabled="false"/>
    <property name="pcftexteditorfield" display-name-key="pcftexteditorfield" description-key="pcftexteditorfield" of-type="Multiple" usage="bound"/>
    <resources>
      <code path="bundle.js" order="1"/>
      <css path="skins/content/default/content.css" order="1"/>
      <css path="skins/ui/oxide/content.min.css" order="1"/>
      <css path="skins/ui/oxide/skin.min.css" order="1"/>
      <css path="skins/ui/oxide/content.css" order="1"/>
      <css path="skins/ui/oxide/skin.css" order="1"/>
    </resources>
    <built-by name="pac" version="1.35.1"/>
  </control>
</manifest>